{"cameraMode":{"drawMode":0,"name":"Shaded","section":"Shading Mode"},"sceneLighting":true,"audioPlay":false,"sceneViewState":{"showFog":true,"showMaterialUpdate":false,"showSkybox":true,"showFlares":true,"showImageEffects":true,"showParticleSystems":true},"in2DMode":false,"pivot":{"x":3.5577311515808107,"y":7.030002117156982,"z":-21.951128005981447},"rotation":{"x":-0.12473873049020767,"y":-0.8078638911247253,"z":0.545922040939331,"w":-0.18428678810596467},"size":129.34153747558595,"orthographic":false}